locale,term,severity
en,asshole,high
en,bastard,medium
en,bitch,high
en,bullshit,medium
en,cunt,high
en,dick,medium
en,fuck,high
en,fucker,high
en,motherfucker,high
en,piss off,medium
en,shit,medium
en,slut,high
en,whore,high
fr,baise,high
fr,baiser,high
fr,connard,high
fr,connasse,high
fr,encule,high
fr,enculee,high
fr,enfoire,medium
fr,merde,medium
fr,nique,high
fr,niquer,high
fr,putain,medium
fr,pute,high
fr,salope,high
es,bastardo,medium
es,cabron,high
es,gilipollas,high
es,hijo de puta,high
es,joder,medium
es,malparido,high
es,mierda,medium
es,pendeja,high
es,pendejo,high
es,puta,high
es,puto,high
es,tonto del culo,medium
